user_id,age,gender,occupation,zip_code,gender_n
1,24,M,technician,85711,1
2,53,F,other,94043,0
3,23,M,writer,32067,1
4,24,M,technician,43537,1
5,33,F,other,15213,0
6,42,M,executive,98101,1
7,57,M,administrator,91344,1
8,36,M,administrator,5201,1
9,,M,student,1002,1
10,53,M,lawyer,90703,1
11,39,F,other,30329,0
12,28,F,other,6405,0
13,47,M,educator,29206,1
14,45,M,scientist,55106,1
15,49,F,educator,97301,0
16,21,M,entertainment,10309,1
17,30,M,programmer,6355,1
18,35,F,other,37212,0
19,40,M,librarian,2138,1
20,42,F,homemaker,95660,0
21,26,M,writer,30068,1
22,25,M,writer,40206,1
23,30,F,artist,48197,0
24,,F,artist,94533,0
25,39,M,engineer,55107,1
26,49,M,engineer,21044,1
27,40,F,librarian,30030,0
28,32,M,writer,55369,1
29,41,M,programmer,94043,1
30,7,M,student,55436,1
31,24,M,artist,10003,1
32,28,F,student,78741,0
33,23,M,student,27510,1
34,38,F,administrator,42141,0
35,20,F,homemaker,42459,0
36,19,F,student,93117,0
37,23,M,student,55105,1
38,28,F,other,54467,0
39,41,M,entertainment,1040,1
40,38,M,scientist,27514,1
41,33,M,engineer,80525,1
42,30,M,administrator,17870,1
43,29,F,librarian,20854,0
44,26,M,technician,46260,1
45,29,M,programmer,50233,1
46,27,F,marketing,46538,0
47,53,M,marketing,7102,1
48,45,M,administrator,12550,1
49,23,F,student,76111,0
50,21,M,writer,52245,1
51,28,M,educator,16509,1
52,18,F,student,55105,0
53,26,M,programmer,55414,1
54,22,M,executive,66315,1
55,37,M,programmer,1331,1
56,25,M,librarian,46260,1
57,16,M,none,84010,1
58,27,M,programmer,52246,1
59,49,M,educator,8403,1
60,50,M,healthcare,6472,1
61,36,M,engineer,30040,1
62,27,F,administrator,97214,0
63,31,M,marketing,75240,1
64,32,M,educator,43202,1
65,51,F,educator,48118,0
66,23,M,student,80521,1
67,17,M,student,60402,1
68,19,M,student,22904,1
69,24,M,engineer,55337,1
70,27,M,engineer,60067,1
71,39,M,scientist,98034,1
72,48,F,administrator,73034,0
73,24,M,student,41850,1
74,39,M,scientist,T8H1N,1
75,24,M,entertainment,8816,1
76,20,M,student,2215,1
77,30,M,technician,29379,1
78,26,M,administrator,61801,1
79,39,F,administrator,3755,0
80,34,F,administrator,52241,0
81,21,M,student,21218,1
82,50,M,programmer,22902,1
83,40,M,other,44133,1
84,32,M,executive,55369,1
85,51,M,educator,20003,1
86,26,M,administrator,46005,1
87,47,M,administrator,89503,1
88,49,F,librarian,11701,0
89,43,F,administrator,68106,0
90,60,M,educator,78155,1
91,55,M,marketing,1913,1
92,32,M,entertainment,80525,1
93,48,M,executive,23112,1
94,26,M,student,71457,1
95,31,M,administrator,10707,1
96,25,F,artist,75206,0
97,43,M,artist,98006,1
98,,F,executive,90291,0
99,20,M,student,63129,1
100,36,M,executive,90254,1
101,15,M,student,5146,1
102,38,M,programmer,30220,1
103,26,M,student,55108,1
104,27,M,student,55108,1
105,24,M,engineer,94043,1
106,61,M,retired,55125,1
107,39,M,scientist,60466,1
108,44,M,educator,63130,1
109,29,M,other,55423,1
110,19,M,student,77840,1
111,57,M,engineer,90630,1
112,30,M,salesman,60613,1
113,47,M,executive,95032,1
114,27,M,programmer,75013,1
115,31,M,engineer,17110,1
116,40,M,healthcare,97232,1
117,20,M,student,16125,1
118,21,M,administrator,90210,1
119,32,M,programmer,67401,1
120,47,F,other,6260,0
121,54,M,librarian,99603,1
122,32,F,writer,22206,0
123,48,F,artist,20008,0
124,34,M,student,60615,1
125,30,M,lawyer,22202,1
126,28,F,lawyer,20015,0
127,33,M,none,73439,1
128,24,F,marketing,20009,0
129,36,F,marketing,7039,0
130,20,M,none,60115,1
131,59,F,administrator,15237,0
132,24,M,other,94612,1
133,53,M,engineer,78602,1
134,31,M,programmer,80236,1
135,23,M,student,38401,1
136,51,M,other,97365,1
137,50,M,educator,84408,1
138,46,M,doctor,53211,1
139,20,M,student,8904,1
140,30,F,student,32250,0
141,49,M,programmer,36117,1
142,13,M,other,48118,1
143,42,M,technician,8832,1
144,53,M,programmer,20910,1
145,31,M,entertainment,V3N4P,1
146,45,M,artist,83814,1
147,40,F,librarian,2143,0
148,33,M,engineer,97006,1
149,35,F,marketing,17325,0
150,20,F,artist,2139,0
151,38,F,administrator,48103,0
152,33,F,educator,68767,0
153,25,M,student,60641,1
154,25,M,student,53703,1
155,32,F,other,11217,0
156,25,M,educator,8360,1
157,57,M,engineer,70808,1
158,50,M,educator,27606,1
159,23,F,student,55346,0
160,27,M,programmer,66215,1
161,50,M,lawyer,55104,1
162,25,M,artist,15610,1
163,49,M,administrator,97212,1
164,47,M,healthcare,80123,1
165,20,F,,53715,0
166,47,M,educator,55113,1
167,37,M,other,L9G2B,1
168,48,M,other,80127,1
169,52,F,other,53705,0
170,53,F,healthcare,30067,0
171,48,F,educator,78750,0
172,55,M,marketing,22207,1
173,56,M,other,22306,1
174,30,F,administrator,52302,0
175,26,F,scientist,21911,0
176,28,M,scientist,7030,1
177,20,M,programmer,19104,1
178,26,M,other,49512,1
179,15,M,entertainment,20755,1
180,22,F,administrator,60202,0
181,26,M,executive,21218,1
182,36,M,programmer,33884,1
183,33,M,scientist,27708,1
184,37,M,librarian,76013,1
185,53,F,librarian,97403,0
186,39,F,executive,0,0
187,26,M,educator,16801,1
188,42,M,student,29440,1
189,32,M,artist,95014,1
190,30,M,,95938,1
191,33,M,administrator,95161,1
192,42,M,educator,90840,1
193,29,M,student,49931,1
194,38,M,administrator,2154,1
195,42,M,scientist,93555,1
196,49,M,writer,55105,1
197,55,M,technician,75094,1
198,21,F,student,55414,0
199,,M,writer,17604,1
200,40,M,programmer,93402,1
201,27,M,writer,E2A4H,1
202,41,F,educator,60201,0
203,25,F,student,32301,0
204,52,F,librarian,10960,0
205,47,M,lawyer,6371,1
206,14,F,student,53115,0
207,39,M,marketing,92037,1
208,43,M,engineer,1720,1
209,33,F,educator,85710,0
210,39,M,engineer,3060,1
211,66,M,salesman,32605,1
212,49,F,educator,61401,0
213,33,M,executive,55345,1
214,26,F,librarian,11231,0
215,35,M,programmer,63033,1
216,22,M,engineer,2215,1
217,22,M,other,11727,1
218,37,M,administrator,6513,1
219,32,M,programmer,43212,1
220,30,M,librarian,78205,1
221,19,M,student,20685,1
222,29,M,programmer,27502,1
223,19,F,student,47906,0
224,31,F,educator,43512,0
225,51,F,administrator,58202,0
226,28,M,student,92103,1
227,46,M,executive,60659,1
228,21,F,student,22003,0
229,29,F,librarian,22903,0
230,28,F,student,14476,0
231,48,M,librarian,1080,1
232,45,M,scientist,99709,1
233,38,M,engineer,98682,1
234,60,M,retired,94702,1
235,37,M,educator,22973,1
236,44,F,writer,53214,0
237,49,M,administrator,63146,1
238,42,F,administrator,44124,0
239,39,M,artist,95628,1
240,23,F,educator,20784,0
241,26,F,student,20001,0
242,33,M,educator,31404,1
243,33,M,educator,60201,1
244,28,M,technician,80525,1
245,22,M,student,55109,1
246,19,M,student,28734,1
247,28,M,engineer,20770,1
248,25,M,student,37235,1
249,25,M,student,84103,1
250,29,M,executive,95110,1
251,28,M,doctor,85032,1
252,42,M,engineer,7733,1
253,26,F,librarian,22903,0
254,44,M,educator,42647,1
255,23,M,entertainment,7029,1
256,35,F,none,39042,0
257,17,M,student,77005,1
258,19,F,student,77801,0
259,21,M,student,48823,1
260,40,F,artist,89801,0
261,28,M,administrator,85202,1
262,19,F,student,78264,0
263,41,M,programmer,55346,1
264,36,F,writer,90064,0
265,26,M,executive,84601,1
266,62,F,administrator,78756,0
267,23,M,engineer,83716,1
268,24,M,engineer,19422,1
269,31,F,librarian,43201,0
270,18,F,student,63119,0
271,51,M,engineer,22932,1
272,33,M,scientist,53706,1
273,50,F,other,10016,0
274,20,F,student,55414,0
275,38,M,engineer,92064,1
276,21,M,student,95064,1
277,35,F,administrator,55406,0
278,37,F,librarian,30033,0
279,33,M,programmer,85251,1
280,30,F,librarian,22903,0
281,15,F,student,6059,0
282,22,M,administrator,20057,1
283,28,M,programmer,55305,1
284,40,M,executive,92629,1
285,25,M,programmer,53713,1
286,27,M,student,15217,1
287,21,M,salesman,31211,1
288,34,M,marketing,23226,1
289,11,M,,94619,1
290,40,M,engineer,93550,1
291,19,M,student,44106,1
292,35,F,programmer,94703,0
293,24,M,writer,60804,1
294,34,M,technician,92110,1
295,31,M,educator,50325,1
296,43,F,administrator,16803,0
297,29,F,educator,98103,0
298,44,M,executive,1581,1
299,29,M,doctor,63108,1
300,26,F,programmer,55106,0
301,24,M,student,55439,1
302,42,M,educator,77904,1
303,19,M,student,14853,1
304,22,F,student,71701,0
305,23,M,programmer,94086,1
306,45,M,other,73132,1
307,25,M,student,55454,1
308,60,M,retired,95076,1
309,40,M,scientist,70802,1
310,37,M,educator,91711,1
311,32,M,technician,73071,1
312,48,M,other,2110,1
313,41,M,marketing,60035,1
314,20,F,student,8043,0
315,31,M,educator,18301,1
316,43,F,other,77009,0
317,22,M,administrator,13210,1
318,65,M,retired,6518,1
319,38,M,programmer,22030,1
320,19,M,student,24060,1
321,49,F,educator,55413,0
322,20,M,student,50613,1
323,21,M,student,19149,1
324,21,F,student,2176,0
325,48,M,technician,2139,1
326,41,M,administrator,15235,1
327,22,M,student,11101,1
328,51,M,administrator,6779,1
329,48,M,educator,1720,1
330,35,F,educator,33884,0
331,33,M,,91344,1
332,20,M,student,40504,1
333,47,M,other,V0R2M,1
334,32,M,librarian,30002,1
335,45,M,executive,33775,1
336,23,M,salesman,42101,1
337,37,M,scientist,10522,1
338,39,F,librarian,59717,0
339,,M,lawyer,37901,1
340,46,M,engineer,80123,1
341,17,F,student,44405,0
342,25,F,other,98006,0
343,43,M,engineer,30093,1
344,30,F,librarian,94117,0
345,28,F,librarian,94143,0
346,34,M,other,76059,1
347,18,M,student,90210,1
348,24,F,student,45660,0
349,68,M,retired,61455,1
350,32,M,student,97301,1
351,61,M,educator,49938,1
352,37,F,programmer,55105,0
353,25,M,scientist,28480,1
354,29,F,librarian,48197,0
355,25,M,student,60135,1
356,32,F,homemaker,92688,0
357,26,M,executive,98133,1
358,40,M,educator,10022,1
359,22,M,student,61801,1
360,51,M,other,98027,1
361,22,M,student,44074,1
362,35,F,homemaker,85233,0
363,20,M,student,87501,1
364,63,M,engineer,1810,1
365,29,M,lawyer,20009,1
366,20,F,student,50670,0
367,17,M,student,37411,1
368,18,M,student,92113,1
369,24,M,student,91335,1
370,52,M,writer,8534,1
371,36,M,engineer,99206,1
372,25,F,student,66046,0
373,24,F,other,55116,0
374,36,M,executive,78746,1
375,17,M,entertainment,37777,1
376,28,F,other,10010,0
377,22,M,student,18015,1
378,35,M,student,2859,1
379,44,M,programmer,98117,1
380,32,M,engineer,55117,1
381,33,M,artist,94608,1
382,45,M,engineer,1824,1
383,42,M,administrator,75204,1
384,52,M,programmer,45218,1
385,36,M,writer,10003,1
386,36,M,salesman,43221,1
387,33,M,entertainment,37412,1
388,31,M,other,36106,1
389,44,F,writer,83702,0
390,42,F,writer,85016,0
391,23,M,student,84604,1
392,52,M,writer,59801,1
393,19,M,student,83686,1
394,25,M,administrator,96819,1
395,43,M,other,44092,1
396,57,M,engineer,94551,1
397,17,M,student,27514,1
398,40,M,other,60008,1
399,25,M,other,92374,1
400,33,F,administrator,78213,0
401,46,F,healthcare,84107,0
402,30,M,engineer,95129,1
403,37,M,other,6811,1
404,29,F,programmer,55108,0
405,22,F,healthcare,10019,0
406,52,M,educator,93109,1
407,29,M,engineer,3261,1
408,23,M,student,61755,1
409,48,M,administrator,98225,1
410,30,F,artist,94025,0
411,34,M,educator,44691,1
412,25,M,educator,15222,1
413,55,M,educator,78212,1
414,24,M,programmer,38115,1
415,39,M,educator,85711,1
416,20,F,student,92626,0
417,27,F,other,48103,0
418,55,F,none,21206,0
419,37,M,lawyer,43215,1
420,53,M,educator,2140,1
421,38,F,programmer,55105,0
422,26,M,entertainment,94533,1
423,64,M,other,91606,1
424,36,F,marketing,55422,0
425,19,M,student,58644,1
426,55,M,educator,1602,1
427,51,M,doctor,85258,1
428,28,M,student,55414,1
429,27,M,student,29205,1
430,38,M,scientist,98199,1
431,24,M,marketing,92629,1
432,22,M,entertainment,50311,1
433,27,M,artist,11211,1
434,16,F,student,49705,0
435,24,M,engineer,60007,1
436,30,F,administrator,17345,0
437,27,F,other,20009,0
438,51,F,administrator,43204,0
439,23,F,administrator,20817,0
440,30,M,other,48076,1
441,50,M,technician,55013,1
442,22,M,student,85282,1
443,35,M,salesman,33308,1
444,51,F,lawyer,53202,0
445,21,M,writer,92653,1
446,57,M,educator,60201,1
447,30,M,administrator,55113,1
448,23,M,entertainment,10021,1
449,23,M,librarian,55021,1
450,35,F,educator,11758,0
451,16,M,student,48446,1
452,35,M,administrator,28018,1
453,18,M,student,6333,1
454,57,M,other,97330,1
455,48,M,administrator,83709,1
456,24,M,technician,31820,1
457,33,F,salesman,30011,0
458,47,M,technician,Y1A6B,1
459,22,M,student,29201,1
460,44,F,other,60630,0
461,15,M,student,98102,1
462,19,F,student,2918,0
463,48,F,healthcare,75218,0
464,60,M,writer,94583,1
465,32,M,other,5001,1
466,22,M,student,90804,1
467,29,M,engineer,91201,1
468,28,M,engineer,2341,1
469,60,M,educator,78628,1
470,24,M,programmer,10021,1
471,10,M,student,77459,1
472,24,M,student,87544,1
473,29,M,student,94708,1
474,51,M,executive,93711,1
475,30,M,programmer,75230,1
476,28,M,student,60440,1
477,23,F,student,2125,0
478,29,M,other,10019,1
479,30,M,educator,55409,1
480,57,M,retired,98257,1
481,73,M,retired,37771,1
482,18,F,student,40256,0
483,29,M,scientist,43212,1
484,27,M,student,21208,1
485,44,F,educator,95821,0
486,39,M,educator,93101,1
487,22,M,engineer,92121,1
488,48,M,technician,21012,1
489,55,M,other,45218,1
490,29,F,artist,V5A2B,0
491,43,F,writer,53711,0
492,57,M,educator,94618,1
493,22,M,engineer,60090,1
494,38,F,administrator,49428,0
495,29,M,engineer,3052,1
496,21,F,student,55414,0
497,20,M,student,50112,1
498,26,M,writer,55408,1
499,42,M,programmer,75006,1
500,28,M,administrator,94305,1
501,22,M,student,10025,1
502,22,M,student,23092,1
503,50,F,writer,27514,0
504,40,F,writer,92115,0
505,27,F,other,20657,0
506,46,M,programmer,3869,1
507,18,F,writer,28450,0
508,27,M,marketing,19382,1
509,23,M,administrator,10011,1
510,34,M,other,98038,1
511,22,M,student,21250,1
512,29,M,other,20090,1
513,43,M,administrator,26241,1
514,27,M,programmer,20707,1
515,53,M,marketing,49508,1
516,53,F,librarian,10021,0
517,24,M,student,55454,1
518,49,F,writer,99709,0
519,22,M,other,55320,1
520,62,M,healthcare,12603,1
521,19,M,student,2146,1
522,36,M,engineer,55443,1
523,50,F,administrator,4102,0
524,56,M,educator,2159,1
525,27,F,administrator,19711,0
526,30,M,marketing,97124,1
527,33,M,librarian,12180,1
528,18,M,student,55104,1
529,47,F,administrator,44224,0
530,29,M,engineer,94040,1
531,30,F,salesman,97408,0
532,20,M,student,92705,1
533,43,M,librarian,2324,1
534,20,M,student,5464,1
535,45,F,educator,80302,0
536,38,M,engineer,30078,1
537,36,M,engineer,22902,1
538,31,M,scientist,21010,1
539,53,F,administrator,80303,0
540,28,M,engineer,91201,1
541,19,F,student,84302,0
542,21,M,student,60515,1
543,33,M,scientist,95123,1
544,44,F,other,29464,0
545,27,M,technician,8052,1
546,36,M,executive,22911,1
547,50,M,educator,14534,1
548,51,M,writer,95468,1
549,42,M,scientist,45680,1
550,16,F,student,95453,0
551,25,M,programmer,55414,1
552,45,M,other,68147,1
553,58,M,educator,62901,1
554,32,M,scientist,62901,1
555,29,F,educator,23227,0
556,35,F,educator,30606,0
557,30,F,writer,11217,0
558,56,F,writer,63132,0
559,69,M,executive,10022,1
560,32,M,student,10003,1
561,23,M,engineer,60005,1
562,54,F,administrator,20879,0
563,39,F,librarian,32707,0
564,65,M,retired,94591,1
565,40,M,student,55422,1
566,20,M,student,14627,1
567,24,M,entertainment,10003,1
568,39,M,educator,1915,1
569,34,M,educator,91903,1
570,26,M,educator,14627,1
571,34,M,artist,1945,1
572,51,M,educator,20003,1
573,68,M,retired,48911,1
574,56,M,educator,53188,1
575,33,M,marketing,46032,1
576,48,M,executive,98281,1
577,36,F,student,77845,0
578,31,M,administrator,M7A1A,1
579,32,M,educator,48103,1
580,16,M,student,17961,1
581,37,M,other,94131,1
582,17,M,student,93003,1
583,44,M,engineer,29631,1
584,25,M,student,27511,1
585,69,M,librarian,98501,1
586,20,M,student,79508,1
587,26,M,other,14216,1
588,18,F,student,93063,0
589,21,M,lawyer,90034,1
590,50,M,educator,82435,1
591,57,F,librarian,92093,0
592,18,M,student,97520,1
593,31,F,educator,68767,0
594,46,M,educator,M4J2K,1
595,25,M,programmer,31909,1
596,20,M,artist,77073,1
597,23,M,other,84116,1
598,40,F,marketing,43085,0
599,22,F,student,R3T5K,0
600,34,M,programmer,2320,1
601,19,F,artist,99687,0
602,47,F,other,34656,0
603,21,M,programmer,47905,1
604,39,M,educator,11787,1
605,33,M,engineer,33716,1
606,28,M,programmer,63044,1
607,49,F,healthcare,2154,0
608,22,M,other,10003,1
609,13,F,student,55106,0
610,22,M,student,21227,1
611,46,M,librarian,77008,1
612,36,M,educator,79070,1
613,37,F,marketing,29678,0
614,54,M,educator,80227,1
615,38,M,educator,27705,1
616,55,M,scientist,50613,1
617,27,F,writer,11201,0
618,15,F,student,44212,0
619,17,M,student,44134,1
620,18,F,writer,81648,0
621,17,M,student,60402,1
622,25,M,programmer,14850,1
623,50,F,educator,60187,0
624,19,M,student,30067,1
625,27,M,programmer,20723,1
626,23,M,scientist,19807,1
627,24,M,engineer,8034,1
628,13,M,none,94306,1
629,46,F,other,44224,0
630,26,F,healthcare,55408,0
631,18,F,student,38866,0
632,18,M,student,55454,1
633,35,M,programmer,55414,1
634,39,M,engineer,T8H1N,1
635,22,M,other,23237,1
636,47,M,educator,48043,1
637,30,M,other,74101,1
638,45,M,engineer,1940,1
639,42,F,librarian,12065,0
640,20,M,student,61801,1
641,24,M,student,60626,1
642,18,F,student,95521,0
643,39,M,scientist,55122,1
644,51,M,retired,63645,1
645,27,M,programmer,53211,1
646,17,F,student,51250,0
647,40,M,educator,45810,1
648,43,M,engineer,91351,1
649,20,M,student,39762,1
650,42,M,engineer,83814,1
651,65,M,retired,2903,1
652,35,M,other,22911,1
653,31,M,executive,55105,1
654,27,F,student,78739,0
655,50,F,healthcare,60657,0
656,48,M,educator,10314,1
657,26,F,none,78704,0
658,33,M,programmer,92626,1
659,31,M,educator,54248,1
660,26,M,student,77380,1
661,28,M,programmer,98121,1
662,55,M,librarian,19102,1
663,26,M,other,19341,1
664,30,M,engineer,94115,1
665,25,M,administrator,55412,1
666,44,M,administrator,61820,1
667,35,M,librarian,1970,1
668,29,F,writer,10016,0
669,37,M,other,20009,1
670,30,M,technician,21114,1
671,21,M,programmer,91919,1
672,54,F,administrator,90095,0
673,51,M,educator,22906,1
674,13,F,student,55337,0
675,34,M,other,28814,1
676,30,M,programmer,32712,1
677,20,M,other,99835,1
678,50,M,educator,61462,1
679,20,F,student,54302,0
680,33,M,lawyer,90405,1
681,44,F,marketing,97208,0
682,23,M,programmer,55128,1
683,42,M,librarian,23509,1
684,28,M,student,55414,1
685,32,F,librarian,55409,0
686,32,M,educator,26506,1
687,31,F,healthcare,27713,0
688,37,F,administrator,60476,0
689,25,M,other,45439,1
690,35,M,salesman,63304,1
691,34,M,educator,60089,1
692,34,M,engineer,18053,1
693,43,F,healthcare,85210,0
694,60,M,programmer,6365,1
695,26,M,writer,38115,1
696,55,M,other,94920,1
697,25,M,other,77042,1
698,28,F,programmer,6906,0
699,44,M,other,96754,1
700,17,M,student,76309,1
701,51,F,librarian,56321,0
702,37,M,other,89104,1
703,26,M,educator,49512,1
704,51,F,librarian,91105,0
705,21,F,student,54494,0
706,23,M,student,55454,1
707,56,F,librarian,19146,0
708,26,F,homemaker,96349,0
709,21,M,other,N4T1A,1
710,19,M,student,92020,1
711,22,F,student,15203,0
712,22,F,student,54901,0
713,42,F,other,7204,0
714,26,M,engineer,55343,1
715,21,M,technician,91206,1
716,36,F,administrator,44265,0
717,24,M,technician,84105,1
718,42,M,technician,64118,1
719,37,F,other,V0R2H,0
720,49,F,administrator,16506,0
721,24,F,entertainment,11238,0
722,50,F,homemaker,17331,0
723,26,M,executive,94403,1
724,31,M,executive,40243,1
725,21,M,student,91711,1
726,25,F,administrator,80538,0
727,25,M,student,78741,1
728,58,M,executive,94306,1
729,19,M,student,56567,1
730,31,F,scientist,32114,0
731,41,F,educator,70403,0
732,28,F,other,98405,0
733,44,F,other,60630,0
734,25,F,other,63108,0
735,29,F,healthcare,85719,0
736,48,F,writer,94618,0
737,30,M,programmer,98072,1
738,35,M,technician,95403,1
739,35,M,technician,73162,1
740,25,F,educator,22206,0
741,25,M,writer,63108,1
742,35,M,student,29210,1
743,31,M,programmer,92660,1
744,35,M,marketing,47024,1
745,42,M,writer,55113,1
746,25,M,engineer,19047,1
747,19,M,other,93612,1
748,28,M,administrator,94720,1
749,33,M,other,80919,1
750,28,M,administrator,32303,1
751,24,F,other,90034,0
752,60,M,retired,21201,1
753,56,M,salesman,91206,1
754,59,F,librarian,62901,0
755,44,F,educator,97007,0
756,30,F,none,90247,0
757,26,M,student,55104,1
758,27,M,student,53706,1
759,20,F,student,68503,0
760,35,F,other,14211,0
761,17,M,student,97302,1
762,32,M,administrator,95050,1
763,27,M,scientist,2113,1
764,27,F,educator,62903,0
765,31,M,student,33066,1
766,42,M,other,10960,1
767,70,M,engineer,0,1
768,29,M,administrator,12866,1
769,39,M,executive,6927,1
770,28,M,student,14216,1
771,26,M,student,15232,1
772,50,M,writer,27105,1
773,20,M,student,55414,1
774,30,M,student,80027,1
775,46,M,executive,90036,1
776,30,M,librarian,51157,1
777,63,M,programmer,1810,1
778,34,M,student,1960,1
779,31,M,student,K7L5J,1
780,49,M,programmer,94560,1
781,20,M,student,48825,1
782,21,F,artist,33205,0
783,30,M,marketing,77081,1
784,47,M,administrator,91040,1
785,32,M,engineer,23322,1
786,36,F,engineer,1754,0
787,18,F,student,98620,0
788,51,M,administrator,5779,1
789,29,M,other,55420,1
790,27,M,technician,80913,1
791,31,M,educator,20064,1
792,40,M,programmer,12205,1
793,22,M,student,85281,1
794,32,M,educator,57197,1
795,30,M,programmer,8610,1
796,32,F,writer,33755,0
797,44,F,other,62522,0
798,40,F,writer,64131,0
799,49,F,administrator,19716,0
800,25,M,programmer,55337,1
801,22,M,writer,92154,1
802,35,M,administrator,34105,1
803,70,M,administrator,78212,1
804,39,M,educator,61820,1
805,27,F,other,20009,0
806,27,M,marketing,11217,1
807,41,F,healthcare,93555,0
808,45,M,salesman,90016,1
809,50,F,marketing,30803,0
810,55,F,other,80526,0
811,40,F,educator,73013,0
812,22,M,technician,76234,1
813,14,F,student,2136,0
814,30,M,other,12345,1
815,32,M,other,28806,1
816,34,M,other,20755,1
817,19,M,student,60152,1
818,28,M,librarian,27514,1
819,59,M,administrator,40205,1
820,22,M,student,37725,1
821,37,M,engineer,77845,1
822,29,F,librarian,53144,0
823,27,M,artist,50322,1
824,31,M,other,15017,1
825,44,M,engineer,5452,1
826,28,M,artist,77048,1
827,23,F,engineer,80228,0
828,28,M,librarian,85282,1
829,48,M,writer,80209,1
830,46,M,programmer,53066,1
831,21,M,other,33765,1
832,24,M,technician,77042,1
833,34,M,writer,90019,1
834,26,M,other,64153,1
835,44,F,executive,11577,0
836,44,M,artist,10018,1
837,36,F,artist,55409,0
838,23,M,student,1375,1
839,38,F,entertainment,90814,0
840,39,M,artist,55406,1
841,45,M,doctor,47401,1
842,40,M,writer,93055,1
843,35,M,librarian,44212,1
844,22,M,engineer,95662,1
845,64,M,doctor,97405,1
846,27,M,lawyer,47130,1
847,29,M,student,55417,1
848,46,M,engineer,2146,1
849,15,F,student,25652,0
850,34,M,technician,78390,1
851,18,M,other,29646,1
852,46,M,administrator,94086,1
853,49,M,writer,40515,1
854,29,F,student,55408,0
855,53,M,librarian,4988,1
856,43,F,marketing,97215,0
857,35,F,administrator,V1G4L,0
858,63,M,educator,9645,1
859,18,F,other,6492,0
860,70,F,retired,48322,0
861,38,F,student,14085,0
862,25,M,executive,13820,1
863,17,M,student,60089,1
864,27,M,programmer,63021,1
865,25,M,artist,11231,1
866,45,M,other,60302,1
867,24,M,scientist,92507,1
868,21,M,programmer,55303,1
869,30,M,student,10025,1
870,22,M,student,65203,1
871,31,M,executive,44648,1
872,19,F,student,74078,0
873,48,F,administrator,33763,0
874,36,M,scientist,37076,1
875,24,F,student,35802,0
876,41,M,other,20902,1
877,30,M,other,77504,1
878,50,F,educator,98027,0
879,33,F,administrator,55337,0
880,13,M,student,83702,1
881,39,M,marketing,43017,1
882,35,M,engineer,40503,1
883,49,M,librarian,50266,1
884,44,M,engineer,55337,1
885,30,F,other,95316,0
886,20,M,student,61820,1
887,14,F,student,27249,0
888,41,M,scientist,17036,1
889,24,M,technician,78704,1
890,32,M,student,97301,1
891,51,F,administrator,3062,0
892,36,M,other,45243,1
893,25,M,student,95823,1
894,47,M,educator,74075,1
895,31,F,librarian,32301,0
896,28,M,writer,91505,1
897,30,M,other,33484,1
898,23,M,homemaker,61755,1
899,32,M,other,55116,1
900,60,M,retired,18505,1
901,38,M,executive,L1V3W,1
902,45,F,artist,97203,0
903,28,M,educator,20850,1
904,17,F,student,61073,0
905,27,M,other,30350,1
906,45,M,librarian,70124,1
907,25,F,other,80526,0
908,44,F,librarian,68504,0
909,50,F,educator,53171,0
910,28,M,healthcare,29301,1
911,37,F,writer,53210,0
912,51,M,other,6512,1
913,27,M,student,76201,1
914,44,F,other,8105,0
915,50,M,entertainment,60614,1
916,27,M,engineer,N2L5N,1
917,22,F,student,20006,0
918,40,M,scientist,70116,1
919,25,M,other,14216,1
920,30,F,artist,90008,0
921,20,F,student,98801,0
922,29,F,administrator,21114,0
923,21,M,student,E2E3R,1
924,29,M,other,11753,1
925,18,F,salesman,49036,0
926,49,M,entertainment,1701,1
927,23,M,programmer,55428,1
928,21,M,student,55408,1
929,44,M,scientist,53711,1
930,28,F,scientist,7310,0
931,60,M,educator,33556,1
932,58,M,educator,6437,1
933,28,M,student,48105,1
934,61,M,engineer,22902,1
935,42,M,doctor,66221,1
936,24,M,other,32789,1
937,48,M,educator,98072,1
938,38,F,technician,55038,0
939,26,F,student,33319,0
940,32,M,administrator,2215,1
941,20,M,student,97229,1
942,48,F,librarian,78209,0
943,22,M,student,77841,1
